{
  "rf": {
    "accuracy": 0.45617459190915544,
    "precision": 0.6393547877456254,
    "recall": 0.5205966737794978,
    "f1_macro": 0.35678045351093673,
    "confusion_matrix": [
      [
        9573,
        138
      ],
      [
        12122,
        711
      ]
    ]
  },
  "xgb": {
    "accuracy": 0.43075762952448543,
    "precision": 0.21537881476224272,
    "recall": 0.5,
    "f1_macro": 0.3010696016121532,
    "confusion_matrix": [
      [
        9711,
        0
      ],
      [
        12833,
        0
      ]
    ]
  },
  "ensemble": {
    "accuracy": 0.43075762952448543,
    "precision": 0.21537881476224272,
    "recall": 0.5,
    "f1_macro": 0.3010696016121532,
    "confusion_matrix": [
      [
        9711,
        0
      ],
      [
        12833,
        0
      ]
    ]
  },
  "timestamp": "2026-05-11T09:40:45.823482"
}